Ubiq,Germ,Neur,Soma,CAI1,Codon,Amino,Chance,aCDS,HighRCSU,BringMansWeights
0.3786898892,0.5854027592,0.6218945487,0.5240835212,0,aaa,K,0.5,0.5832297714,0.3,0.09
0.5158632056,0.3805712879,0.3764522822,0.4422437254,1,aac,N,0.5,0.3755373613,1.51,1
0.6213101108,0.4145972408,0.3781054513,0.4759164788,1,aag,K,0.5,0.4167702286,1.7,1
0.4841367944,0.6194287121,0.6235477178,0.5577562746,0,aat,N,0.5,0.6244626387,0.49,0.19
0.2514086841,0.3070041201,0.3973494536,0.3348808797,0,aca,T,0.25,0.3454351725,0.44,0.067
0.2809910507,0.1804590936,0.1485701,0.2102626756,1,acc,T,0.25,0.1746011466,2.14,1
0.1135233676,0.1968216598,0.1482600946,0.1177153329,0,acg,T,0.25,0.1536047513,0.17,0.024
0.3540768976,0.3157151265,0.3058203519,0.3371411118,0,act,T,0.25,0.3263589296,1.25,0.418
0.2549488618,0.2804209112,0.2872158605,0.306939123,0,aga,R,0.1666666667,0.2896461337,1.45,0.497
0.1097866175,0.126506475,0.0955478003,0.1060525617,0,agc,S,0.1666666667,0.1011527237,0.61,0.192
0.02804355,0.0698533527,0.0843445565,0.0675464737,0,agg,R,0.1666666667,0.0713869534,0.07,0.01
0.1131454162,0.1324949472,0.1560384941,0.1397221485,0,agt,S,0.1666666667,0.149655155,0.22,0.037
0.048902027,0.1192303535,0.1760758908,0.1154655445,0,ata,I,0.3333333333,0.1508344994,0.03,0.005
0.4815878378,0.3838503946,0.2963905599,0.3508679642,1,atc,I,0.3333333333,0.3146546241,2.01,1
1,1,1,1,1,atg,M,1,1,1,1
0.4695101351,0.496919252,0.5275335493,0.5336664913,0,att,I,0.3333333333,0.5345108765,0.96,0.293
0.6494571003,0.6248129303,0.6688672689,0.6760992968,1,caa,Q,0.5,0.6529381545,1.35,1
0.4806043283,0.4427210884,0.3614624506,0.4117982331,1,cac,H,0.5,0.3877344032,1.32,1
0.3505428997,0.3751870697,0.3311327311,0.3239007032,0,cag,Q,0.5,0.3470618455,0.65,0.363
0.5193956717,0.5572789116,0.6385375494,0.5882017669,0,cat,H,0.5,0.6122655968,0.68,0.375
0.6715277079,0.4496987163,0.5176836744,0.6249480537,1,cca,P,0.25,0.5365216563,3.6,1
0.0496831942,0.1118679591,0.094784495,0.070231334,0,ccc,P,0.25,0.085952165,0.08,0.006
0.1324549935,0.2436468431,0.1957936433,0.1514752736,0,ccg,P,0.25,0.1992843817,0.17,0.012
0.1463341044,0.1947864815,0.1917381873,0.1533453387,0,cct,P,0.25,0.178241797,0.15,0.012
0.1472286374,0.2272472853,0.2621774056,0.1932027813,0,cga,R,0.1666666667,0.2369506241,0.27,0.039
0.1693335533,0.1273928132,0.0773372073,0.1164325245,0,cgc,R,0.1666666667,0.0952757161,1.49,0.636
0.042147806,0.0963841934,0.0929755597,0.0743578828,0,cgg,R,0.1666666667,0.0910645334,0.06,0.006
0.3582975916,0.1987014441,0.1959494104,0.2415212147,1,cgt,R,0.1666666667,0.2156760394,2.66,1
0.0400784605,0.0698583653,0.1001170337,0.0765558699,0,cta,L,0.1666666667,0.0906552073,0.07,0.004
0.2720139957,0.2106078489,0.1577827428,0.1850689533,1,ctc,L,0.1666666667,0.1732135767,2.28,1
0.1104278217,0.1796990263,0.1324077029,0.128801273,0,ctg,L,0.1666666667,0.1437302253,0.3,0.048
0.3091766951,0.2275745058,0.2575273965,0.2789957567,0,ctt,L,0.1666666667,0.2504081803,2.26,0.86
0.5483641995,0.6022360248,0.6528943251,0.5967158071,0,gaa,E,0.5,0.6245407434,0.79,0.417
0.3623821568,0.3494388028,0.3315836299,0.3544747082,1,gac,D,0.5,0.3196252544,0.99,1
0.4516358005,0.3977639752,0.3471056749,0.4032841929,1,gag,E,0.5,0.3754592566,1.21,1
0.6376178432,0.6505611972,0.6684163701,0.6455252918,0,gat,D,0.5,0.6803747456,1.01,0.838
0.2058393339,0.2852956567,0.3691103307,0.304759769,0,gca,A,0.25,0.3149859615,0.35,0.13
0.2826282628,0.2103610675,0.1815188762,0.2250939059,1,gcc,A,0.25,0.1966850425,1.72,1
0.0783078308,0.169126112,0.1240854551,0.1015305264,0,gcg,A,0.25,0.1308101278,0.11,0.015
0.4332245725,0.3352171638,0.325285338,0.3686157986,0,gct,A,0.25,0.3575188682,1.82,0.849
0.6957022777,0.5495902797,0.572659176,0.6374122367,1,gga,G,0.25,0.5913161566,3.29,1
0.0842597614,0.1770274089,0.1241573034,0.1040621866,0,ggc,G,0.25,0.1238864051,0.2,0.021
0.0359951193,0.0875953659,0.0907303371,0.073219659,0,ggg,G,0.25,0.0783965332,0.06,0.006
0.1840428416,0.1857869455,0.2124531835,0.1853059178,0,ggt,G,0.25,0.2064009052,0.45,0.057
0.0929782406,0.1228089276,0.1768722307,0.143286689,0,gta,V,0.25,0.1572651698,0.19,0.047
0.3179148311,0.2533478498,0.2115203022,0.234011796,1,gtc,V,0.25,0.2189688439,1.81,1
0.1742757976,0.2590092542,0.235635941,0.2178790332,0,gtg,V,0.25,0.233596494,0.49,0.134
0.4148311307,0.3648339684,0.3759715261,0.4048224818,0,gtt,V,0.25,0.3901694923,1.51,0.678
0.764,0.4666666667,0.4666666667,0.5766129032,1,taa,X,0.3333333333,0.4911625942,2.31,0
0.5825148929,0.4730891,0.4332732191,0.4926044255,1,tac,Y,0.5,0.4415971777,1.56,1
0.134,0.1939393939,0.1737373737,0.1814516129,1,tag,X,0.3333333333,0.1781212591,0.46,0
0.4174851071,0.5269109,0.5667267809,0.5073955745,0,tat,Y,0.5,0.5584028223,0.44,0.156
0.1998155954,0.2251665544,0.2896573604,0.2536058756,0,tca,S,0.1666666667,0.2577803902,0.77,0.199
0.1727476291,0.1464181451,0.1251586294,0.1455623396,1,tcc,S,0.1666666667,0.128626003,2.08,1
0.1619467861,0.1781570477,0.138642132,0.1330855676,0,tcg,S,0.1666666667,0.1555573958,0.69,0.148
0.2425579557,0.1912568306,0.1949555838,0.2219715069,0,tct,S,0.1666666667,0.2072283322,1.64,0.647
0.102,0.3393939394,0.3595959596,0.2419354839,1,tga,X,0.3333333333,0.3307161468,0.24,0
0.5558611207,0.5123745819,0.4255687974,0.4801971163,1,tgc,C,0.5,0.444266927,1.47,1
1,1,1,1,1,tgg,W,1,1,1,1
0.4441388793,0.4876254181,0.5744312026,0.5198028837,0,tgt,C,0.5,0.555733073,0.53,0.198
0.0442135397,0.0827677781,0.123842962,0.0974186704,0,tta,L,0.1666666667,0.1096282488,0.05,0.005
0.7538898353,0.5631718554,0.5104187339,0.56325573,1,ttc,F,0.5,0.5225201903,1.74,1
0.2240894874,0.2294924757,0.2283221619,0.2331594767,0,ttg,L,0.1666666667,0.2323645616,1.04,0.296
0.2461101647,0.4368281446,0.4895812661,0.43674427,0,ttt,F,0.5,0.4774798097,0.26,0.06
